{
	"density": 7800,
	"elast_modulus": [
		210e3,
		81e3
	],
	"flow_treshold": 150,
	"curve": [
		[ 0.00000e-2, 0.00000 ],
		[ 0.21430e-2, 0.08903 ],
		[ 0.21854e-2, 0.09947 ],
		[ 0.22761e-2, 0.10500 ],
		[ 0.23081e-2, 0.11143 ],
		[ 0.23898e-2, 0.11883 ],
		[ 0.24388e-2, 0.12389 ],
		[ 0.24842e-2, 0.13167 ],
		[ 0.25394e-2, 0.13749 ],
		[ 0.25586e-2, 0.14707 ],
		[ 0.27084e-2, 0.15582 ],
		[ 0.27563e-2, 0.17035 ],
		[ 0.28051e-2, 0.17975 ],
		[ 0.28528e-2, 0.18916 ],
		[ 0.28993e-2, 0.20592 ],
		[ 0.30321e-2, 0.21514 ],
		[ 0.31210e-2, 0.22490 ],
		[ 0.31598e-2, 0.24446 ],
		[ 0.32894e-2, 0.26005 ],
		[ 0.33464e-2, 0.28056 ],
		[ 0.34570e-2, 0.29258 ],
		[ 0.35331e-2, 0.30444 ],
		[ 0.35577e-2, 0.31614 ],
		[ 0.36560e-2, 0.33160 ],
		[ 0.37307e-2, 0.35542 ],
		[ 0.37898e-2, 0.35542 ],
		[ 0.38676e-2, 0.36794 ],
		[ 0.39319e-2, 0.38094 ],
		[ 0.40114e-2, 0.39905 ],
		[ 0.40881e-2, 0.41145 ],
		[ 0.41530e-2, 0.42496 ],
		[ 0.42481e-2, 0.44333 ],
		[ 0.43189e-2, 0.45783 ],
		[ 0.44134e-2, 0.47530 ],
		[ 0.44973e-2, 0.49438 ],
		[ 0.46172e-2, 0.50820 ],
		[ 0.46924e-2, 0.52594 ],
		[ 0.48235e-2, 0.54601 ],
		[ 0.49125e-2, 0.56410 ],
		[ 0.50357e-2, 0.58119 ],
		[ 0.51438e-2, 0.60120 ],
		[ 0.52555e-2, 0.61739 ],
		[ 0.54171e-2, 0.64204 ],
		[ 0.55575e-2, 0.65839 ],
		[ 0.57183e-2, 0.67993 ],
		[ 0.58869e-2, 0.69849 ],
		[ 0.61232e-2, 0.72170 ],
		[ 0.63443e-2, 0.74542 ],
		[ 0.66654e-2, 0.76546 ],
		[ 0.70649e-2, 0.79055 ],
		[ 0.76299e-2, 0.81575 ],
		[ 0.81319e-2, 0.83558 ],
		[ 0.89570e-2, 0.85855 ],
		[ 1.02484e-2, 0.88252 ],
		[ 1.25049e-2, 0.90786 ],
		[ 1.65771e-2, 0.93465 ],
		[ 2.41448e-2, 0.96220 ],
		[ 3.89693e-2, 0.98012 ],
		[ 5.49535e-2, 0.99951 ],
		[ 1.000000, 1.00000 ]
	]
}
