{
		"density": 7800,
		"elast_modulus": [
			108.0,
			108.0,
			108.0,
			61.3,
			61.3,
			61.3,
			28.5,
			28.5,
			28.5
		],
		"curve":		[
			[ 0.01229, 7.261710 ],
			[ 0.01907, 16.72394 ],
			[ 0.02916, 28.26446 ],
			[ 0.03318, 33.08114 ],
			[ 0.03779, 38.43575 ],
			[ 0.04399, 49.73176 ],
			[ 0.05013, 55.64870 ],
			[ 0.05450, 64.76859 ],
			[ 0.06002, 70.97896 ],
			[ 0.06352, 80.95468 ],
			[ 0.06693, 87.04295 ],
			[ 0.07531, 97.06760 ],
			[ 0.07846, 107.31192 ],
			[ 0.08592, 113.52213 ],
			[ 0.09249, 122.88706 ],
			[ 0.09990, 129.43963 ],
			[ 0.10354, 141.10186 ],
			[ 0.10846, 143.10679 ],
			[ 0.11387, 150.34409 ],
			[ 0.11880, 156.57930 ],
			[ 0.12383, 167.43486 ],
			[ 0.12926, 170.39340 ],
			[ 0.14397, 187.23952 ],
			[ 0.15556, 203.32820 ],
			[ 0.16919, 219.63654 ],
			[ 0.18470, 234.69814 ],
			[ 0.19922, 249.24544 ],
			[ 0.21430, 261.66663 ],
			[ 0.21854, 271.52010 ],
			[ 0.22255, 271.52010 ],
			[ 0.22761, 276.45934 ],
			[ 0.23081, 281.98483 ],
			[ 0.23898, 288.09733 ],
			[ 0.24388, 292.13143 ],
			[ 0.24842, 298.12199 ],
			[ 0.25394, 302.44997 ],
			[ 0.25586, 309.31991 ],
			[ 0.27084, 315.33470 ],
			[ 0.27563, 324.84658 ],
			[ 0.28051, 330.71443 ],
			[ 0.28528, 336.38686 ],
			[ 0.28993, 346.04492 ],
			[ 0.30321, 351.13034 ],
			[ 0.31210, 356.36270 ],
			[ 0.31598, 366.41159 ],
			[ 0.32894, 374.04048 ],
			[ 0.33464, 383.62507 ],
			[ 0.34570, 389.02861 ],
			[ 0.35331, 394.21174 ],
			[ 0.35577, 399.20021 ],
			[ 0.36560, 405.60584 ],
			[ 0.37307, 415.09272 ],
			[ 0.37898, 415.09272 ],
			[ 0.38676, 419.90925 ],
			[ 0.39319, 424.79925 ],
			[ 0.40114, 431.42605 ],
			[ 0.40881, 435.85099 ],
			[ 0.41530, 440.56981 ],
			[ 0.42481, 446.82926 ],
			[ 0.43189, 451.64655 ],
			[ 0.44134, 457.31898 ],
			[ 0.44973, 463.35801 ],
			[ 0.46172, 467.63676 ],
			[ 0.46924, 473.01607 ],
			[ 0.48235, 478.95739 ],
			[ 0.49125, 484.18975 ],
			[ 0.50357, 489.03128 ],
			[ 0.51438, 494.58177 ],
			[ 0.52555, 498.98246 ],
			[ 0.54171, 505.53504 ],
			[ 0.55575, 509.78955 ],
			[ 0.57183, 515.29080 ],
			[ 0.58869, 519.93691 ],
			[ 0.61232, 525.63358 ],
			[ 0.63443, 531.33101 ],
			[ 0.66654, 536.04983 ],
			[ 0.70649, 541.84421 ],
			[ 0.76299, 547.54164 ],
			[ 0.81319, 551.94234 ],
			[ 0.89570, 556.95505 ],
			[ 1.02484, 562.08970 ],
			[ 1.25049, 567.41977 ],
			[ 1.65771, 572.94602 ],
			[ 2.41448, 578.52074 ],
			[ 3.89693, 582.09054 ],
			[ 5.49535, 585.90498 ]
		]
}